{
    "dji fc6310r 2048 1365 brown 0.6666": {
        "projection_type": "brown",
        "width": 2048,
        "height": 1365,
        "focal_x": 0.6636661539567532,
        "focal_y": 0.6636661539567532,
        "c_x": 0.0008037160419827316,
        "c_y": 0.00550447558007244,
        "k1": -0.25846150114425126,
        "k2": 0.09419487455184349,
        "p1": -0.0004916628574739136,
        "p2": -0.0003862384640524503,
        "k3": -0.02216728807671205
    }
}